{
  "project_info": {
    "project_number": "220898624672",
    "firebase_url": "https://social-9a105-default-rtdb.firebaseio.com",
    "project_id": "social-9a105",
    "storage_bucket": "social-9a105.appspot.com"
  },
  "client": [
    {
      "client_info": {
        "mobilesdk_app_id": "1:220898624672:android:e4cb69bcea05e9b5ecb5c5",
        "android_client_info": {
          "package_name": "com.wisnusaputra.pinekaapp"
        }
      },
      "oauth_client": [
        {
          "client_id": "220898624672-fciehl2g7opsai9urg1j69l0lpgh3o49.apps.googleusercontent.com",
          "client_type": 3
        }
      ],
      "api_key": [
        {
          "current_key": "AIzaSyD5wqS1oogqNdKG9nRWeIPWyRvfDaTHLq0"
        }
      ],
      "services": {
        "appinvite_service": {
          "other_platform_oauth_client": [
            {
              "client_id": "220898624672-fciehl2g7opsai9urg1j69l0lpgh3o49.apps.googleusercontent.com",
              "client_type": 3
            }
          ]
        }
      }
    }
  ],
  "configuration_version": "1"
}